position,equipe,points,victoires,nulls,défaites,bo,bd,journee
1,Lyon,5,1,0,0,1,0,1
2,Stade Français,5,1,0,0,1,0,1
3,Toulon,4,1,0,0,0,0,1
4,Bayonne,4,1,0,0,0,0,1
5,Bordeaux-Bègles,4,1,0,0,0,0,1
6,Pau,4,1,0,0,0,0,1
7,Stade Toulousain,2,1,0,0,0,0,1
8,Castres,1,0,0,1,0,1,1
9,La Rochelle,1,0,0,1,0,1,1
10,Perpignan,0,0,0,1,0,0,1
11,Clermont,0,0,0,1,0,0,1
12,Montpellier,0,0,0,1,0,0,1
13,Montauban,0,0,0,1,0,0,1
14,Racing 92,0,0,0,1,0,0,1
1,Lyon,9,2,0,0,1,0,2
2,Pau,9,2,0,0,1,0,2
3,Toulon,8,2,0,0,0,0,2
4,Bayonne,8,2,0,0,0,0,2
5,Stade Toulousain,7,2,0,0,1,0,2
6,La Rochelle,5,1,0,1,0,1,2
7,Stade Français,5,1,0,1,1,0,2
8,Racing 92,4,1,0,1,0,0,2
9,Bordeaux-Bègles,4,1,0,1,0,0,2
10,Castres,2,0,0,2,0,2,2
11,Montpellier,1,0,0,2,0,1,2
12,Perpignan,0,0,0,2,0,0,2
13,Clermont,0,0,0,2,0,0,2
14,Montauban,0,0,0,2,0,0,2
1,Lyon,13,3,0,0,1,0,3
2,Bordeaux-Bègles,9,2,0,1,1,0,3
3,Pau,9,2,0,1,1,0,3
4,Toulon,8,2,0,0,0,0,3
5,Racing 92,8,2,0,1,0,0,3
6,Bayonne,8,2,0,1,0,0,3
7,Castres,7,1,0,2,1,2,3
8,Stade Toulousain,7,2,0,1,1,0,3
9,Montpellier,6,1,0,2,1,1,3
10,Stade Français,6,1,0,2,1,1,3
11,La Rochelle,5,1,0,1,0,1,3
12,Clermont,5,1,0,2,1,0,3
13,Perpignan,0,0,0,3,0,0,3
14,Montauban,0,0,0,3,0,0,3
1,Pau,14,3,0,1,2,0,4
2,Lyon,13,3,0,1,1,0,4
3,Stade Toulousain,12,3,0,1,2,0,4
4,Racing 92,12,3,0,1,0,0,4
5,Bayonne,12,3,0,1,0,0,4
6,La Rochelle,10,2,0,1,1,1,4
7,Stade Français,10,2,0,2,1,1,4
8,Bordeaux-Bègles,9,2,0,2,1,0,4
9,Toulon,9,2,0,1,0,1,4
10,Montpellier,8,1,1,2,1,1,4
11,Castres,7,1,0,3,1,2,4
12,Clermont,5,1,0,3,1,0,4
13,Montauban,2,0,1,3,0,0,4
14,Perpignan,0,0,0,4,0,0,4
1,Bayonne,16,4,0,1,0,0,5
2,Stade Français,15,3,0,2,2,1,5
3,Toulon,14,3,0,1,1,1,5
4,Bordeaux-Bègles,14,3,0,2,2,0,5
5,Pau,14,3,0,2,2,0,5
6,Lyon,13,3,0,2,1,0,5
7,Montpellier,13,2,1,2,2,1,5
8,Racing 92,13,3,0,2,0,1,5
9,Stade Toulousain,12,3,0,2,2,0,5
10,Castres,11,2,0,3,1,2,5
11,La Rochelle,10,2,0,2,1,1,5
12,Clermont,10,2,0,3,2,0,5
13,Montauban,2,0,1,4,0,0,5
14,Perpignan,0,0,0,5,0,0,5
1,Pau,19,4,0,2,3,0,6
2,Stade Français,19,4,0,2,2,1,6
3,Lyon,18,4,0,2,2,0,6
4,Stade Toulousain,17,4,0,2,3,0,6
5,Racing 92,17,4,0,2,0,1,6
6,Bayonne,16,4,0,2,0,0,6
7,Castres,15,3,0,3,1,2,6
8,Clermont,14,3,0,3,2,0,6
9,Toulon,14,3,0,2,1,1,6
10,Bordeaux-Bègles,14,3,0,3,2,0,6
11,Montpellier,13,2,1,3,2,1,6
12,La Rochelle,11,2,0,3,1,2,6
13,Montauban,3,0,1,5,0,1,6
14,Perpignan,0,0,0,6,0,0,6
1,Pau,23,5,0,2,3,0,7
2,Bayonne,21,5,0,2,1,0,7
3,Stade Français,20,4,0,3,2,2,7
4,Toulon,19,4,0,2,2,1,7
5,Castres,19,4,0,3,1,2,7
6,Montpellier,18,3,1,3,3,1,7
7,Stade Toulousain,18,4,0,3,3,1,7
8,Bordeaux-Bègles,18,4,0,3,2,0,7
9,Lyon,18,4,0,3,2,0,7
10,Racing 92,17,4,0,3,0,1,7
11,La Rochelle,16,3,0,3,2,2,7
12,Clermont,14,3,0,4,2,0,7
13,Montauban,3,0,1,6,0,1,7
14,Perpignan,0,0,0,7,0,0,7
1,Stade Français,25,5,0,3,3,2,8
2,Pau,24,5,0,3,3,1,8
3,Stade Toulousain,23,5,0,3,4,1,8
4,Bordeaux-Bègles,23,5,0,3,3,0,8
5,Racing 92,21,5,0,3,0,1,8
6,Bayonne,21,5,0,3,1,0,8
7,La Rochelle,20,4,0,3,2,2,8
8,Clermont,19,4,0,4,3,0,8
9,Toulon,19,4,0,3,2,1,8
10,Castres,19,4,0,4,1,2,8
11,Montpellier,18,3,1,4,3,1,8
12,Lyon,18,4,0,4,2,0,8
13,Montauban,7,1,1,6,0,1,8
14,Perpignan,0,0,0,8,0,0,8
1,Pau,28,6,0,3,3,1,9
2,Stade Toulousain,27,6,0,3,4,1,9
3,Bordeaux-Bègles,27,6,0,3,3,0,9
4,Bayonne,26,6,0,3,2,0,9
5,Stade Français,25,5,0,4,3,2,9
6,La Rochelle,25,5,0,3,3,2,9
7,Toulon,24,5,0,3,3,1,9
8,Clermont,23,5,0,4,3,0,9
9,Racing 92,21,5,0,4,0,1,9
10,Castres,20,4,0,5,1,3,9
11,Montpellier,19,3,1,5,3,2,9
12,Lyon,18,4,0,5,2,0,9
13,Montauban,7,1,1,7,0,1,9
14,Perpignan,1,0,0,9,0,1,9
1,Pau,32,7,0,3,3,1,10
2,Stade Toulousain,32,7,0,3,5,1,10
3,Stade Français,30,6,0,4,4,2,10
4,Toulon,29,6,0,4,4,1,10
5,Bordeaux-Bègles,28,6,0,4,3,1,10
6,La Rochelle,26,5,0,5,3,3,10
7,Racing 92,26,6,0,4,1,1,10
8,Bayonne,26,6,0,4,2,0,10
9,Montpellier,24,4,1,5,4,2,10
10,Castres,24,5,0,5,1,3,10
11,Clermont,23,5,0,5,3,0,10
12,Lyon,22,5,0,5,2,0,10
13,Montauban,7,1,1,8,0,1,10
14,Perpignan,1,0,0,10,0,1,10
1,Pau,37,8,0,3,4,1,11
2,Stade Toulousain,37,8,0,3,6,1,11
3,Toulon,34,7,0,4,5,1,11
4,Stade Français,31,6,0,5,4,3,11
5,Bayonne,30,7,0,4,2,0,11
6,Bordeaux-Bègles,29,6,0,5,3,2,11
7,Montpellier,28,5,1,5,4,2,11
8,Castres,28,6,0,5,1,3,11
9,Clermont,27,6,0,5,3,0,11
10,La Rochelle,26,5,0,6,3,3,11
11,Racing 92,26,6,0,5,1,1,11
12,Lyon,23,5,0,6,2,1,11
13,Montauban,7,1,1,9,0,1,11
14,Perpignan,1,0,0,11,0,1,11
1,Pau,42,9,0,3,5,1,12
2,Stade Toulousain,42,9,0,3,7,1,12
3,Bordeaux-Bègles,34,7,0,5,4,2,12
4,Toulon,34,7,0,5,5,1,12
5,Stade Français,33,6,1,5,4,3,12
6,Montpellier,32,6,1,5,4,2,12
7,La Rochelle,31,6,0,6,4,3,12
8,Bayonne,30,7,0,5,2,0,12
9,Castres,29,6,0,6,1,4,12
10,Racing 92,28,6,1,5,1,1,12
11,Clermont,27,6,0,6,3,0,12
12,Lyon,23,5,0,7,2,1,12
13,Montauban,7,1,1,10,0,1,12
14,Perpignan,5,1,0,11,0,1,12
1,Stade Toulousain,47,10,0,3,8,1,13
2,Pau,46,10,0,3,5,1,13
3,Toulon,39,8,0,5,6,1,13
4,Stade Français,34,6,1,6,4,4,13
5,Bordeaux-Bègles,34,7,0,6,4,2,13
6,Bayonne,34,8,0,5,2,0,13
7,Racing 92,33,7,1,5,2,1,13
8,Castres,33,7,0,6,1,4,13
9,Montpellier,33,6,1,6,4,3,13
10,La Rochelle,31,6,0,7,4,3,13
11,Clermont,31,7,0,6,3,0,13
12,Lyon,23,5,0,8,2,1,13
13,Montauban,7,1,1,11,0,1,13
14,Perpignan,5,1,0,12,0,1,13
1,Stade Toulousain,48,10,0,4,8,2,14
2,Pau,47,10,0,4,5,2,14
3,Stade Français,39,7,1,6,5,4,14
4,Bordeaux-Bègles,39,8,0,6,5,2,14
5,Toulon,39,8,0,6,6,1,14
6,Montpellier,38,7,1,6,5,3,14
7,La Rochelle,36,7,0,7,5,3,14
8,Clermont,36,8,0,6,4,0,14
9,Bayonne,34,8,0,6,2,0,14
10,Castres,33,7,0,7,1,4,14
11,Racing 92,33,7,1,6,2,1,14
12,Lyon,27,6,0,8,2,1,14
13,Perpignan,9,2,0,12,0,1,14
14,Montauban,7,1,1,12,0,1,14
1,Stade Toulousain,53,11,0,4,9,2,15
2,Pau,47,10,0,5,5,2,15
3,Stade Français,43,8,1,6,5,4,15
4,Toulon,43,9,0,6,6,1,15
5,Clermont,40,9,0,6,4,0,15
6,Bordeaux-Bègles,40,8,0,7,5,3,15
7,Montpellier,39,7,1,7,5,4,15
8,Castres,37,8,0,7,1,4,15
9,La Rochelle,37,7,0,8,5,4,15
10,Racing 92,37,8,1,6,2,1,15
11,Bayonne,35,8,0,7,2,1,15
12,Lyon,28,6,0,9,2,2,15
13,Perpignan,14,3,0,12,1,1,15
14,Montauban,7,1,1,13,0,1,15
1,Stade Toulousain,58,12,0,4,10,2,16
2,Pau,51,11,0,5,5,2,16
3,Bordeaux-Bègles,45,9,0,7,6,3,16
4,Montpellier,44,8,1,7,6,4,16
5,Stade Français,43,8,1,7,5,4,16
6,Toulon,43,9,0,7,6,1,16
7,Castres,41,9,0,7,1,4,16
8,Clermont,41,9,0,7,4,1,16
9,Racing 92,41,9,1,6,2,1,16
10,La Rochelle,37,7,0,9,5,4,16
11,Bayonne,35,8,0,8,2,1,16
12,Lyon,32,7,0,9,2,2,16
13,Perpignan,14,3,0,13,1,1,16
14,Montauban,7,1,1,14,0,1,16
1,Stade Toulousain,62,13,0,4,10,2,17
2,Pau,51,11,0,6,5,2,17
3,Bordeaux-Bègles,50,10,0,7,7,3,17
4,Montpellier,48,9,1,7,6,4,17
5,Clermont,46,10,0,7,5,1,17
6,Racing 92,45,10,1,6,2,1,17
7,Stade Français,44,8,1,8,5,5,17
8,Toulon,43,9,0,8,6,1,17
9,Castres,41,9,0,8,1,4,17
10,La Rochelle,37,7,0,10,5,4,17
11,Lyon,37,8,0,9,3,2,17
12,Bayonne,36,8,0,9,2,2,17
13,Perpignan,18,4,0,13,1,1,17
14,Montauban,7,1,1,15,0,1,17
1,Stade Toulousain,67,14,0,4,11,2,18
2,Pau,55,12,0,6,5,2,18
3,Montpellier,53,10,1,7,7,4,18
4,Clermont,51,11,0,7,6,1,18
5,Bordeaux-Bègles,50,10,0,8,7,3,18
6,Stade Français,49,9,1,8,6,5,18
7,Toulon,45,9,1,8,6,1,18
8,Racing 92,45,10,1,7,2,1,18
9,Castres,42,9,0,9,1,5,18
10,La Rochelle,41,8,0,10,5,4,18
11,Lyon,39,8,1,9,3,2,18
12,Bayonne,36,8,0,10,2,2,18
13,Perpignan,18,4,0,14,1,1,18
14,Montauban,7,1,1,16,0,1,18
1,Stade Toulousain,67,14,0,5,11,2,19
2,Montpellier,57,11,1,7,7,4,19
3,Pau,55,12,0,7,5,2,19
4,Bordeaux-Bègles,55,11,0,8,8,3,19
5,Stade Français,54,10,1,8,7,5,19
6,Clermont,52,11,0,8,6,2,19
7,Racing 92,50,11,1,7,3,1,19
8,La Rochelle,45,9,0,10,5,4,19
9,Toulon,45,9,1,9,6,1,19
10,Lyon,43,9,1,9,3,2,19
11,Castres,42,9,0,10,1,5,19
12,Bayonne,41,9,0,10,3,2,19
13,Perpignan,19,4,0,15,1,2,19
14,Montauban,7,1,1,17,0,1,19
1,Stade Toulousain,71,15,0,5,11,2,20
2,Pau,59,13,0,7,5,2,20
3,Stade Français,59,11,1,8,8,5,20
4,Bordeaux-Bègles,59,12,0,8,8,3,20
5,Montpellier,57,11,1,8,7,4,20
6,Clermont,52,11,0,9,6,2,20
7,Racing 92,50,11,1,8,3,1,20
8,Castres,47,10,0,10,2,5,20
9,La Rochelle,45,9,0,11,5,4,20
10,Bayonne,45,10,0,10,3,2,20
11,Toulon,45,9,1,10,6,1,20
12,Lyon,44,9,1,10,3,3,20
13,Perpignan,23,5,0,15,1,2,20
14,Montauban,7,1,1,18,0,1,20
1,Stade Toulousain,76,16,0,5,12,2,21
2,Pau,64,14,0,7,6,2,21
3,Montpellier,61,12,1,8,7,4,21
4,Stade Français,59,11,1,9,8,5,21
5,Bordeaux-Bègles,59,12,0,9,8,3,21
6,Clermont,57,12,0,9,7,2,21
7,Racing 92,55,12,1,8,4,1,21
8,La Rochelle,50,10,0,11,6,4,21
9,Toulon,50,10,1,10,7,1,21
10,Castres,47,10,0,11,2,5,21
11,Bayonne,45,10,0,11,3,2,21
12,Lyon,44,9,1,11,3,3,21
13,Perpignan,23,5,0,16,1,2,21
14,Montauban,7,1,1,19,0,1,21
1,Stade Toulousain,77,16,0,6,12,3,22
2,Pau,65,14,0,8,6,3,22
3,Montpellier,65,13,1,8,7,4,22
4,Stade Français,63,12,1,9,8,5,22
5,Clermont,61,13,0,9,7,2,22
6,Bordeaux-Bègles,60,12,0,10,8,4,22
7,Racing 92,60,13,1,8,5,1,22
8,Toulon,55,11,1,10,8,1,22
9,La Rochelle,54,11,0,11,6,4,22
10,Castres,48,10,0,12,2,6,22
11,Lyon,48,10,1,11,3,3,22
12,Bayonne,45,10,0,12,3,2,22
13,Perpignan,24,5,0,17,1,3,22
14,Montauban,7,1,1,20,0,1,22
1,Stade Toulousain,82,17,0,6,13,3,23
2,Montpellier,70,14,1,8,8,4,23
3,Pau,69,15,0,8,6,3,23
4,Stade Français,68,13,1,9,9,5,23
5,Clermont,66,14,0,9,8,2,23
6,Bordeaux-Bègles,64,13,0,10,8,4,23
7,Racing 92,61,13,1,9,5,2,23
8,La Rochelle,58,12,0,11,6,4,23
9,Toulon,55,11,1,11,8,1,23
10,Castres,48,10,0,13,2,6,23
11,Lyon,48,10,1,12,3,3,23
12,Bayonne,46,10,0,13,3,3,23
13,Perpignan,24,5,0,18,1,3,23
14,Montauban,7,1,1,21,0,1,23
1,Stade Toulousain,82,17,0,6,13,3,24
2,Montpellier,70,14,1,8,8,4,24
3,Pau,69,15,0,8,6,3,24
4,Stade Français,68,13,1,9,9,5,24
5,Clermont,66,14,0,9,8,2,24
6,Bordeaux-Bègles,64,13,0,10,8,4,24
7,Racing 92,61,13,1,9,5,2,24
8,La Rochelle,58,12,0,11,6,4,24
9,Toulon,55,11,1,11,8,1,24
10,Castres,48,10,0,13,2,6,24
11,Lyon,48,10,1,12,3,3,24
12,Bayonne,46,10,0,13,3,3,24
13,Perpignan,24,5,0,18,1,3,24
14,Montauban,7,1,1,21,0,1,24
1,Stade Toulousain,82,17,0,6,13,3,25
2,Montpellier,70,14,1,8,8,4,25
3,Pau,69,15,0,8,6,3,25
4,Stade Français,68,13,1,9,9,5,25
5,Clermont,66,14,0,9,8,2,25
6,Bordeaux-Bègles,64,13,0,10,8,4,25
7,Racing 92,61,13,1,9,5,2,25
8,La Rochelle,58,12,0,11,6,4,25
9,Toulon,55,11,1,11,8,1,25
10,Castres,48,10,0,13,2,6,25
11,Lyon,48,10,1,12,3,3,25
12,Bayonne,46,10,0,13,3,3,25
13,Perpignan,24,5,0,18,1,3,25
14,Montauban,7,1,1,21,0,1,25
1,Stade Toulousain,82,17,0,6,13,3,26
2,Montpellier,70,14,1,8,8,4,26
3,Pau,69,15,0,8,6,3,26
4,Stade Français,68,13,1,9,9,5,26
5,Clermont,66,14,0,9,8,2,26
6,Bordeaux-Bègles,64,13,0,10,8,4,26
7,Racing 92,61,13,1,9,5,2,26
8,La Rochelle,58,12,0,11,6,4,26
9,Toulon,55,11,1,11,8,1,26
10,Castres,48,10,0,13,2,6,26
11,Lyon,48,10,1,12,3,3,26
12,Bayonne,46,10,0,13,3,3,26
13,Perpignan,24,5,0,18,1,3,26
14,Montauban,7,1,1,21,0,1,26
